{
  "timestamp": "2026-05-14T13:30:24.993745",
  "clean": {
    "hamming_loss": 0.0774600197947596,
    "exact_match": 0.4658931082981716,
    "f1_macro": 0.5410947288292056,
    "auc_macro": 0.0
  },
  "adversarial": {
    "0.001": {
      "hamming_loss": 0.17508725321664845,
      "exact_match": 0.0005469604625722769,
      "f1_macro": 0.26863655551166116,
      "auc_macro": 0.0
    },
    "0.002": {
      "hamming_loss": 0.1944652810334948,
      "exact_match": 0.0,
      "f1_macro": 0.21828945812524977,
      "auc_macro": 0.0
    },
    "0.005": {
      "hamming_loss": 0.2192946814606449,
      "exact_match": 0.0,
      "f1_macro": 0.15351915441476707,
      "auc_macro": 0.0
    },
    "0.01": {
      "hamming_loss": 0.23476845340417773,
      "exact_match": 0.0,
      "f1_macro": 0.11510903050034023,
      "auc_macro": 0.0
    }
  },
  "comparison": {
    "0.001": {
      "hamming_loss_change": 0.09762723342188885,
      "exact_match_change": -0.4653461478355993,
      "f1_macro_change": -0.27245817331754446,
      "auc_macro_change": 0.0,
      "flip_rate": 0.09928374225139344
    },
    "0.002": {
      "hamming_loss_change": 0.11700526123873521,
      "exact_match_change": -0.4658931082981716,
      "f1_macro_change": -0.3228052707039558,
      "auc_macro_change": 0.0,
      "flip_rate": 0.11903682867114654
    },
    "0.005": {
      "hamming_loss_change": 0.14183466166588532,
      "exact_match_change": -0.4658931082981716,
      "f1_macro_change": -0.3875755744144386,
      "auc_macro_change": 0.0,
      "flip_rate": 0.14441318956086888
    },
    "0.01": {
      "hamming_loss_change": 0.15730843360941815,
      "exact_match_change": -0.4658931082981716,
      "f1_macro_change": -0.4259856983288654,
      "auc_macro_change": 0.0,
      "flip_rate": 0.1603609939052977
    }
  }
}